{
    "_id": 1,
    "name": {
        "first": "John",
        "last": "Backus"
    },
    "contribs": [
        "Fortran",
        "ALGOL",
        "Backus-Naur Form",
        "FP"
    ],
    "awards": [
        {
            "award": "W.W. McDowell Award",
            "year": 1967,
            "by": "IEEE Computer Society"
        },
        {
            "award": "Draper Prize",
            "year": 1993,
            "by": "National Academy of Engineering"
        }
    ]
}